{
  "model_name": "vgg19_proposed",
  "dataset_name": "cifar10",
  "test_accuracy": 80.67,
  "test_loss": 0.5714521786212922,
  "best_val_accuracy": 80.83,
  "best_epoch": 63,
  "total_params": 30122314,
  "trainable_params": 29862154,
  "epochs_run": 106,
  "epochs_max": 250,
  "batch_size": 128,
  "lr": 1e-05,
  "patience": 7,
  "factor": 0.22360679774997896
}