{
  "model_name": "vgg16_proposed",
  "dataset_name": "cifar10",
  "test_accuracy": 81.01,
  "test_loss": 0.5606143703937531,
  "best_val_accuracy": 81.81,
  "best_epoch": 143,
  "total_params": 22452810,
  "trainable_params": 22192650,
  "epochs_run": 159,
  "epochs_max": 250,
  "batch_size": 128,
  "lr": 1e-05,
  "patience": 7,
  "factor": 0.22360679774997896
}