{
  "train_loss": [
    4.053764701080322,
    3.0050707256317137,
    2.6866175971984863,
    2.5064545421600344,
    2.3889621700286865,
    2.2963116973876954,
    2.2309804569244385,
    2.170272772216797,
    2.117065056991577,
    2.072914340209961,
    2.030930522155762,
    1.9966933177947999,
    1.9645246753692627,
    1.9267373212814332,
    1.8907705677032471,
    1.8687341287612915,
    1.8459101932525634,
    1.8117689558029175,
    1.793359302711487,
    1.7760869144439697,
    1.7586597885131836,
    1.7296313423156737,
    1.7142990438461303,
    1.6917783639907837,
    1.6760648416519166,
    1.6591458423614502,
    1.6357346302032472,
    1.6235106832504274,
    1.6000402271270753,
    1.5851234739303588,
    1.5791197595596314,
    1.5598064661026,
    1.5433729684829711,
    1.5185908630371094,
    1.5198750631332398,
    1.5129525508880615,
    1.494187508392334,
    1.4882065780639648,
    1.457391399383545,
    1.452761247444153,
    1.4422597106933595,
    1.4378592714309693,
    1.4174378994941712,
    1.4024802194595336,
    1.399683939552307,
    1.3840661975860595,
    1.379675886154175,
    1.3631566816329956,
    1.353681761932373,
    1.347852254295349,
    1.3301140684127808,
    1.3195209032058717,
    1.30431214427948,
    1.3035315938949585,
    1.2867749134063722,
    1.2751514556884767,
    1.270339377784729,
    1.259329702568054,
    1.2496769458770751,
    1.191977108001709,
    1.1721423767089845,
    1.160759349822998,
    1.159310209465027,
    1.158617819404602,
    1.157731365776062,
    1.1590639890670775,
    1.1474080421447754,
    1.145168565750122,
    1.1425524044036866,
    1.1344817153930664,
    1.1339847696304322,
    1.1354675924301147,
    1.132873313331604,
    1.1298327110290527,
    1.1292590044021606,
    1.108957476043701,
    1.103999352645874,
    1.1100332128524781,
    1.112228870201111,
    1.1045906126022338,
    1.1146886150360107,
    1.103927070236206,
    1.1045392065048218,
    1.099487813091278,
    1.0956930143356323,
    1.1026341945648193,
    1.0968241443634033,
    1.1055214351654052,
    1.0953267915725708,
    1.0954380912780761,
    1.0974268608093263,
    1.1039169902801513,
    1.0990706350326538,
    1.0983292412757875,
    1.0993618211746217,
    1.0987841339111328,
    1.0947649015426635,
    1.099186722946167,
    1.1003972618103028,
    1.1000582029342652
  ],
  "train_acc": [
    9.635,
    25.755,
    31.1225,
    34.9125,
    37.1975,
    39.4075,
    40.625,
    41.785,
    42.915,
    44.0325,
    45.085,
    45.58,
    46.125,
    47.52,
    48.115,
    48.6425,
    49.02,
    49.8175,
    50.1725,
    50.6675,
    51.2575,
    52.155,
    52.2875,
    52.925,
    53.14,
    53.85,
    54.31,
    54.1625,
    55.4225,
    55.365,
    55.5025,
    56.0075,
    56.38,
    57.0975,
    56.8525,
    57.215,
    57.565,
    57.98,
    58.655,
    58.8,
    59.045,
    59.0,
    59.5225,
    59.93,
    60.135,
    60.2125,
    60.4425,
    60.96,
    61.285,
    61.345,
    61.775,
    61.83,
    62.395,
    62.24,
    62.91,
    63.0975,
    63.405,
    63.345,
    63.725,
    65.7,
    65.925,
    66.15,
    66.285,
    66.6825,
    66.4275,
    66.2375,
    66.8075,
    66.6625,
    66.8625,
    67.0975,
    67.0275,
    66.98,
    67.2275,
    67.075,
    66.945,
    67.8775,
    67.84,
    68.1225,
    67.675,
    68.0275,
    67.56,
    67.7,
    67.9975,
    67.815,
    68.3,
    67.845,
    68.145,
    67.88,
    68.125,
    67.97,
    68.3125,
    67.815,
    68.215,
    68.1275,
    67.9475,
    68.05,
    68.0375,
    68.185,
    68.2475,
    68.0475
  ],
  "val_loss": [
    2.998352434539795,
    2.539480958557129,
    2.3039766040802,
    2.1819546905517577,
    2.075743553161621,
    2.013923805999756,
    1.9502350425720214,
    1.9301868427276612,
    1.8724553035736085,
    1.8609005199432374,
    1.8136167881011962,
    1.8030328105926514,
    1.7791617359161378,
    1.7471516189575196,
    1.7182943965911865,
    1.7042366142272949,
    1.7084058738708496,
    1.7234185623168945,
    1.6790874366760253,
    1.6535834259033204,
    1.6410032302856445,
    1.6335038917541504,
    1.6192369926452637,
    1.6050679805755614,
    1.6165951091766357,
    1.5915362812042235,
    1.5968853046417237,
    1.5901967903137206,
    1.5790556182861328,
    1.5761606441497802,
    1.5633889629364013,
    1.5678373889923096,
    1.5554914943695068,
    1.5478796897888183,
    1.5336115226745606,
    1.5563195434570312,
    1.5452870307922364,
    1.5386553806304932,
    1.5275604583740234,
    1.5266726245880127,
    1.5272397705078125,
    1.5230456172943114,
    1.5059428588867187,
    1.5022874992370605,
    1.5013468151092528,
    1.5101274974822998,
    1.5126416007995604,
    1.510022356414795,
    1.5187305568695069,
    1.490888756942749,
    1.486819599533081,
    1.5080951374053955,
    1.5017929374694825,
    1.4956740283966063,
    1.4924209064483642,
    1.5026013721466065,
    1.5032863430023193,
    1.4973759902954102,
    1.5046440830230714,
    1.4932352005004883,
    1.4915444561004638,
    1.4902285205841064,
    1.4889256416320802,
    1.493576318359375,
    1.500711721420288,
    1.4974789947509766,
    1.4857613235473632,
    1.4995856678009034,
    1.5011014636993407,
    1.5013461818695069,
    1.4982562614440917,
    1.4977535140991212,
    1.5054583278656006,
    1.502868515396118,
    1.5033373668670655,
    1.5041177738189697,
    1.5086850563049317,
    1.5042663402557372,
    1.5016653644561768,
    1.5070282779693605,
    1.5040355533599854,
    1.5051559272766113,
    1.5065294776916505,
    1.5059129077911377,
    1.5060502326965333,
    1.5062438785552978,
    1.50561531791687,
    1.5066746383666991,
    1.5088929496765138,
    1.5088235500335694,
    1.5097034839630128,
    1.5092556831359862,
    1.509026951599121,
    1.5092990474700927,
    1.5090456756591797,
    1.5088184135437013,
    1.5086457084655762,
    1.5084854393005371,
    1.5086696300506592,
    1.5086763431549073
  ],
  "val_acc": [
    25.76,
    33.72,
    39.03,
    41.77,
    43.58,
    45.58,
    46.84,
    47.25,
    48.14,
    48.48,
    49.56,
    50.3,
    50.7,
    51.6,
    52.79,
    52.56,
    52.62,
    52.26,
    53.17,
    53.58,
    54.22,
    54.88,
    54.84,
    54.95,
    55.03,
    55.89,
    55.62,
    55.59,
    56.2,
    56.63,
    56.18,
    56.69,
    56.83,
    57.61,
    57.65,
    57.11,
    57.51,
    57.77,
    57.96,
    58.4,
    58.62,
    58.16,
    58.58,
    58.5,
    59.32,
    58.49,
    58.72,
    59.22,
    59.0,
    59.43,
    59.57,
    59.54,
    59.19,
    59.87,
    59.8,
    58.78,
    59.78,
    59.98,
    60.1,
    60.83,
    60.66,
    60.61,
    61.14,
    60.96,
    60.84,
    60.72,
    60.95,
    60.91,
    60.78,
    60.76,
    60.78,
    60.8,
    61.09,
    60.74,
    61.09,
    61.0,
    61.02,
    61.05,
    61.07,
    60.87,
    60.86,
    61.08,
    60.93,
    61.17,
    61.07,
    61.12,
    61.16,
    61.08,
    61.01,
    61.09,
    61.05,
    61.07,
    61.09,
    61.03,
    61.12,
    61.07,
    61.07,
    61.09,
    61.09,
    61.07
  ],