{
  "train_loss": [
    4.039247113800049,
    3.180339841079712,
    2.9154522312164306,
    2.7716705295562742,
    2.65816798324585,
    2.58728783493042,
    2.5146503128051756,
    2.4553153232574463,
    2.412407148361206,
    2.367376622390747,
    2.3212465297698976,
    2.2898863510131835,
    2.255931533432007,
    2.2260456867218017,
    2.1901285858154296,
    2.160428659439087,
    2.1424322200775148,
    2.1148043016433715,
    2.0978311153411866,
    2.0738189086914063,
    2.055716222000122,
    2.0285444004058837,
    2.0106414978027343,
    2.004177713775635,
    1.9818139583587646,
    1.962129524230957,
    1.9426448207855225,
    1.9292943874359132,
    1.908666319656372,
    1.8968285789489747,
    1.8749028833389283,
    1.8677696517944335,
    1.8557928443908691,
    1.8405042835235597,
    1.8317063886642455,
    1.8012023765563965,
    1.7894513605117799,
    1.7795548252105713,
    1.7729763046264648,
    1.7532714181900024,
    1.7419203647613526,
    1.7304533729553222,
    1.7198656593322754,
    1.7125957569122314,
    1.6960735990524292,
    1.6767292638778686,
    1.6744821166992188,
    1.6657160095214845,
    1.654318913078308,
    1.6416624828338624,
    1.627316632270813,
    1.6114245622634888,
    1.5971640453338622,
    1.6032689081192018,
    1.573962386894226,
    1.5638235527038573,
    1.5564934646606445,
    1.5438895290374757,
    1.543806562423706,
    1.5262780141830445,
    1.5147978897094727,
    1.505909577178955,
    1.418262202644348,
    1.4079043088912964,
    1.4043287830352784,
    1.3949827430725097,
    1.3943280179977418,
    1.3908809671401978,
    1.393670235824585,
    1.3907331987380982,
    1.3675245803833007,
    1.3572099937438964,
    1.3577707386016846,
    1.3583507360458373,
    1.3537196508407592,
    1.3572172477722169,
    1.3579028396606445,
    1.348385287475586,
    1.3460872930526733,
    1.33667041721344,
    1.332006803894043,
    1.3433354862213134,
    1.3410034521102905,
    1.3501180841445923,
    1.3513578538894653,
    1.3497731811523437,
    1.3376579084396363,
    1.3358842468261718,
    1.3398664602279664,
    1.357830609893799,
    1.3346833808898926,
    1.340237439918518,
    1.3389983278274535,
    1.3436835563659668
  ],
  "train_acc": [
    10.045,
    22.415,
    27.2675,
    29.5525,
    32.07,
    33.415,
    34.6675,
    35.7675,
    36.82,
    37.92,
    38.5525,
    39.4075,
    40.26,
    40.855,
    41.6425,
    42.27,
    42.835,
    43.36,
    43.4575,
    44.215,
    44.5975,
    45.235,
    45.465,
    45.94,
    45.89,
    46.585,
    47.195,
    47.345,
    47.965,
    48.1175,
    48.7125,
    48.83,
    49.0525,
    49.5175,
    49.7675,
    50.4075,
    50.5425,
    50.8775,
    50.9675,
    51.505,
    51.81,
    51.7575,
    52.1475,
    52.5875,
    52.8575,
    53.2175,
    53.375,
    53.6075,
    53.85,
    53.82,
    54.2775,
    54.7425,
    55.4025,
    55.06,
    55.7525,
    56.035,
    56.1075,
    56.325,
    56.4775,
    57.1,
    57.135,
    57.375,
    59.5225,
    60.3325,
    60.2175,
    60.4,
    60.5125,
    60.2725,
    60.215,
    60.385,
    61.165,
    61.585,
    61.45,
    61.43,
    61.57,
    61.545,
    61.315,
    61.515,
    61.49,
    62.0425,
    62.2,
    61.6175,
    61.6875,
    61.69,
    61.6875,
    61.6375,
    62.0725,
    61.9925,
    61.9075,
    61.4175,
    62.0425,
    61.89,
    61.89,
    61.775
  ],
  "val_loss": [
    3.1973589504241944,
    2.7873168212890627,
    2.6161471797943117,
    2.505838074493408,
    2.3824079429626464,
    2.3902134216308593,
    2.2607097702026366,
    2.246981547164917,
    2.1992136222839354,
    2.161738883590698,
    2.135727013397217,
    2.123814030838013,
    2.090302967453003,
    2.0901851806640623,
    2.076939947891235,
    2.0293327194213866,
    2.011858130645752,
    2.00733303565979,
    1.98730125541687,
    2.006192094039917,
    1.9776890811920167,
    1.9877446319580079,
    1.9574264205932617,
    1.9447024730682374,
    1.9199207347869873,
    1.920878057861328,
    1.9183940296173096,
    1.8920848442077636,
    1.9283547302246093,
    1.9017811107635498,
    1.9011483070373536,
    1.88986067237854,
    1.8589489879608154,
    1.8767548316955567,
    1.8677765979766845,
    1.8408873134613037,
    1.8440848289489746,
    1.8429489070892333,
    1.848398084640503,
    1.845037381362915,
    1.8356564010620118,
    1.835056187057495,
    1.8533658031463622,
    1.8710297061920167,
    1.844919861602783,
    1.8629297687530517,
    1.8475622783660888,
    1.8335655490875244,
    1.8394553802490234,
    1.8409749740600585,
    1.825071194076538,
    1.8632674682617187,
    1.8349139530181884,
    1.8178499320983887,
    1.868675294494629,
    1.8459677421569824,
    1.8385231784820557,
    1.858693794631958,
    1.8374427627563477,
    1.8337217533111572,
    1.863138698196411,
    1.8436881828308105,
    1.8328404705047607,
    1.8219878913879395,
    1.8291154548645019,
    1.8283938320159911,
    1.841434090423584,
    1.8463320999145507,
    1.8533213386535645,
    1.8599245796203614,
    1.8337849967956543,
    1.8434326908111571,
    1.842056418609619,
    1.840320024871826,
    1.8461229679107667,
    1.8446696460723877,
    1.8523326496124268,
    1.8515795963287354,
    1.850709869003296,
    1.8497098377227783,
    1.8541227653503418,
    1.8522648361206056,
    1.8530052337646485,
    1.8498958297729493,
    1.850697720718384,
    1.8509930839538575,
    1.8510682014465332,
    1.8508270378112792,
    1.8508105037689209,
    1.8503804267883301,
    1.8506804302215576,
    1.8509773765563964,
    1.851450513458252,
    1.8513077301025391
  ],
  "val_acc": [
    22.68,
    29.17,
    32.46,
    35.46,
    37.87,
    37.62,
    40.05,
    40.41,
    41.53,
    42.1,
    42.79,
    43.35,
    43.79,
    43.82,
    43.98,
    45.03,
    45.3,
    46.33,
    46.02,
    46.18,
    46.85,
    46.26,
    47.11,
    47.71,
    47.68,
    48.29,
    48.51,
    48.95,
    47.77,
    48.56,
    48.87,
    48.92,
    49.74,
    49.14,
    49.86,
    49.97,
    49.92,
    50.27,
    50.32,
    50.26,
    50.34,
    50.84,
    50.5,
    50.35,
    50.72,
    50.37,
    50.52,
    51.26,
    50.69,
    50.94,
    51.64,
    50.9,
    51.26,
    51.85,
    51.34,
    52.05,
    52.02,
    52.06,
    51.7,
    52.2,
    52.23,
    52.11,
    52.89,
    52.8,
    53.08,
    53.28,
    52.83,
    53.11,
    52.71,
    53.07,
    53.33,
    53.23,
    53.07,
    53.17,
    53.33,
    53.23,
    52.99,
    53.24,
    53.17,
    53.15,
    53.17,
    53.1,
    53.14,
    53.32,
    53.13,
    53.19,
    53.24,
    53.23,
    53.14,
    53.16,
    53.14,
    53.14,
    53.12,
    53.1
  ],