{
  "model_name": "vgg19_proposed",
  "dataset_name": "cifar100",
  "test_accuracy": 53.94,
  "test_loss": 1.8146797357559203,
  "best_val_accuracy": 53.33,
  "best_epoch": 71,
  "total_params": 30145444,
  "trainable_params": 29885284,
  "epochs_run": 94,
  "epochs_max": 250,
  "batch_size": 128,
  "lr": 1e-05,
  "patience": 7,
  "factor": 0.22360679774997896
}