{
  "model_name": "vgg16_proposed",
  "dataset_name": "cifar100",
  "test_accuracy": 52.37,
  "test_loss": 1.7710598892211915,
  "best_val_accuracy": 53.03,
  "best_epoch": 103,
  "total_params": 22475940,
  "trainable_params": 22215780,
  "epochs_run": 121,
  "epochs_max": 250,
  "batch_size": 128,
  "lr": 1e-05,
  "patience": 7,
  "factor": 0.22360679774997896
}