{
  "model_name": "vgg16_proposed",
  "dataset_name": "cifar100",
  "test_accuracy": 56.65,
  "test_loss": 1.5609602756500245,
  "best_val_accuracy": 56.2,
  "best_epoch": 189,
  "total_params": 22486692,
  "trainable_params": 22226532,
  "epochs_run": 205,
  "epochs_max": 250,
  "batch_size": 128,
  "lr": 1e-05,
  "patience": 7,
  "factor": 0.22360679774997896
}