{
  "train_loss": [
    4.131577809524536,
    3.0198770442962646,
    2.6959350372314455,
    2.533436818695068,
    2.40595894241333,
    2.316110258483887,
    2.243575147628784,
    2.182184036254883,
    2.1262455059051515,
    2.0830242614746095,
    2.0421791648864747,
    2.0072460269927976,
    1.9756876724243164,
    1.9321654552459717,
    1.9174481050491332,
    1.8841050170898437,
    1.8574046699523925,
    1.8470838283538817,
    1.8173913368225099,
    1.790630841255188,
    1.7778186893463135,
    1.7509647077560424,
    1.7303813701629638,
    1.7117101821899414,
    1.6992132122039796,
    1.6806413698196412,
    1.6614914962768554,
    1.641625864982605,
    1.633970415878296,
    1.6181834991455077,
    1.5994796535491944,
    1.5901209325790406,
    1.5733211652755736,
    1.562206128501892,
    1.5520586029052734,
    1.5285064775466919,
    1.5257821624755858,
    1.5128214721679687,
    1.4974859020233153,
    1.4820343183517457,
    1.4724067276000976,
    1.459413861846924,
    1.447899029159546,
    1.4422574605941771,
    1.4282641353607177,
    1.4086554275512695,
    1.4002266065597535,
    1.3946305686950684,
    1.382572076034546,
    1.378224821472168,
    1.3559576469421386,
    1.3537609169006348,
    1.3343865734100342,
    1.3326748523712157,
    1.3153189527511597,
    1.306274991798401,
    1.2616288619995117,
    1.247134928894043,
    1.2386583082199096,
    1.235712356376648,
    1.2336238883972168,
    1.2289479597091675,
    1.2264290517807006,
    1.2194063335418701,
    1.2125271795272827,
    1.2014344720840453,
    1.2098203954696656,
    1.205046167755127,
    1.2098688074111938,
    1.199613865661621,
    1.1957636503219604,
    1.199271049118042,
    1.1981939470291139,
    1.195562334060669,
    1.1929668628692627,
    1.1990192350387574,
    1.1935510465621948,
    1.203116929244995,
    1.1887037090301513,
    1.192359467124939,
    1.194776491355896,
    1.2000359910964966,
    1.1931842590332031,
    1.200501827430725,
    1.2017525184631348,
    1.2000443187713623,
    1.1987932941436767,
    1.1912743236541747,
    1.1989558261871338
  ],
  "train_acc": [
    8.795,
    24.8425,
    31.1625,
    34.145,
    36.9,
    38.715,
    40.4075,
    41.63,
    42.6575,
    44.035,
    44.895,
    45.7125,
    46.4575,
    47.315,
    47.61,
    48.3175,
    48.885,
    49.4275,
    50.0025,
    50.52,
    51.015,
    51.4875,
    51.885,
    52.335,
    52.625,
    53.095,
    53.525,
    54.49,
    54.26,
    54.585,
    55.3225,
    55.415,
    55.6825,
    56.125,
    56.225,
    56.9225,
    56.9625,
    57.475,
    57.3575,
    57.89,
    58.2075,
    58.4175,
    58.9725,
    59.03,
    59.37,
    59.5825,
    59.9725,
    60.12,
    60.5575,
    60.3025,
    61.275,
    61.22,
    61.6375,
    61.93,
    62.05,
    62.335,
    63.66,
    64.0025,
    64.2275,
    64.3025,
    64.49,
    64.4325,
    64.6325,
    64.7475,
    65.115,
    65.165,
    64.975,
    65.1025,
    65.0,
    65.205,
    65.4975,
    65.1675,
    65.595,
    65.43,
    65.555,
    65.3575,
    65.775,
    65.535,
    65.575,
    65.3975,
    65.4675,
    65.31,
    65.72,
    65.325,
    65.275,
    65.445,
    65.325,
    65.66,
    65.41
  ],
  "val_loss": [
    3.107437526702881,
    2.5242190940856934,
    2.320552116394043,
    2.1840799404144287,
    2.1105970237731935,
    2.021094314956665,
    1.953367631149292,
    1.9157365356445313,
    1.8756456115722657,
    1.842746513748169,
    1.8121698501586914,
    1.8061923118591308,
    1.7925569896697997,
    1.762820668029785,
    1.7478541461944581,
    1.7220864650726317,
    1.6904607681274415,
    1.6858462043762208,
    1.671391205215454,
    1.6711643894195556,
    1.6461194185256958,
    1.6521756509780883,
    1.6363496112823486,
    1.620525060081482,
    1.6197651956558228,
    1.6063237205505372,
    1.603880714416504,
    1.580640505027771,
    1.5905362613677978,
    1.6205143156051636,
    1.5738126050949097,
    1.573747806930542,
    1.562786358833313,
    1.5575673530578613,
    1.5566701063156128,
    1.5840174346923828,
    1.5652193172454834,
    1.5553403003692627,
    1.5531876888275147,
    1.5354029682159425,
    1.5513799448013306,
    1.5348690490722656,
    1.5202969120025636,
    1.5217558391571044,
    1.5457078966140747,
    1.5114044151306152,
    1.5196241416931153,
    1.5066588932037352,
    1.5467395366668701,
    1.510730481338501,
    1.5207598541259766,
    1.5175353054046632,
    1.5140234153747558,
    1.521289081954956,
    1.5167901695251464,
    1.5219734167099,
    1.488282014465332,
    1.4975771257400512,
    1.4985256078720093,
    1.4999495792388915,
    1.5034998332977294,
    1.5079360513687134,
    1.5002254816055298,
    1.495622981071472,
    1.5034581386566161,
    1.4991733961105347,
    1.4982754634857178,
    1.4976865579605103,
    1.4959152168273926,
    1.4988813325881958,
    1.502123791885376,
    1.498167067718506,
    1.498082216835022,
    1.498027240371704,
    1.4991091762542725,
    1.4994099782943726,
    1.4984651330947876,
    1.4990286281585694,
    1.499188280105591,
    1.499084944152832,
    1.4997042276382446,
    1.4996796464920044,
    1.499729182434082,
    1.4997867401123046,
    1.4996504375457764,
    1.499732053565979,
    1.4995868928909302,
    1.4997699882507325,
    1.500009645843506
  ],
  "val_acc": [
    23.61,
    34.17,
    38.32,
    40.84,
    42.25,
    45.0,
    46.12,
    47.25,
    47.93,
    48.84,
    49.71,
    49.86,
    50.04,
    51.15,
    51.64,
    52.48,
    52.39,
    52.92,
    53.68,
    53.73,
    54.15,
    54.26,
    54.67,
    55.23,
    54.98,
    55.8,
    55.47,
    56.5,
    56.24,
    55.7,
    56.91,
    56.79,
    56.7,
    57.39,
    57.22,
    56.55,
    57.06,
    57.5,
    57.6,
    57.76,
    57.8,
    57.83,
    58.09,
    58.35,
    58.03,
    58.67,
    58.73,
    58.48,
    57.99,
    58.82,
    58.89,
    58.99,
    59.15,
    58.86,
    59.3,
    59.02,
    59.97,
    60.35,
    60.07,
    60.11,
    59.82,
    60.02,
    59.9,
    60.19,
    60.37,
    60.47,
    60.36,
    60.54,
    60.49,
    60.37,
    60.47,
    60.48,
    60.42,
    60.48,
    60.35,
    60.43,
    60.4,
    60.37,
    60.42,
    60.45,
    60.49,
    60.48,
    60.48,
    60.47,
    60.48,
    60.43,
    60.45,
    60.41,
    60.43
  ],
  "lr": [
    1e-05,
    1e-05,
    1e-05,
    1e-05,
    1e-05,
    1e-05,
    1e-05,
    1e-05,
    1e-05,
    1e-05,
    1e-05,
    1e-05,
    1e-05,
    1e-05,
    1e-05,
    1e-05,
    1e-05,
    1e-05,
    1e-05,
    1e-05,
    1e-05,
    1e-05,
    1e-05,
    1e-05,
    1e-05,
    1e-05,
    1e-05,
    1e-05,
    1e-05,
    1e-05,
    1e-05,
    1e-05,
    1e-05,
    1e-05,
    1e-05,
    1e-05,
    1e-05,
    1e-05,
    1e-05,
    1e-05,
    1e-05,
    1e-05,
    1e-05,
    1e-05,
    1e-05,
    1e-05,
    1e-05,
    1e-05,
    1e-05,
    1e-05,
    1e-05,
    1e-05,
    1e-05,
    1e-05,
    1e-05,
    2.23606797749979e-06,
    2.23606797749979e-06,
    2.23606797749979e-06,
    2.23606797749979e-06,
    2.23606797749979e-06,
    2.23606797749979e-06,
    2.23606797749979e-06,
    2.23606797749979e-06,
    2.23606797749979e-06,
    5.000000000000001e-07,
    5.000000000000001e-07,
    5.000000000000001e-07,
    5.000000000000001e-07,
    5.000000000000001e-07,
    5.000000000000001e-07,
    5.000000000000001e-07,
    5.000000000000001e-07,
    1.118033988749895e-07,
    1.118033988749895e-07,
    1.118033988749895e-07,
    1.118033988749895e-07,
    1.118033988749895e-07,
    1.118033988749895e-07,
    1.118033988749895e-07,
    1.118033988749895e-07,
    2.5000000000000002e-08,
    2.5000000000000002e-08,
    2.5000000000000002e-08,
    2.5000000000000002e-08,
    2.5000000000000002e-08,
    2.5000000000000002e-08,
    2.5000000000000002e-08,
    2.5000000000000002e-08,
    5.5901699437494746e-09
  ],